CpG,logFC,AveExpr,t,P.Value,adj.P.Val,B,Normal_AVG,Tumor_AVG,deltaBeta,CHR,MAPINFO,Strand,Type,gene,feature,cgi,feat.cgi,UCSC_CpG_Islands_Name,DHS,Enhancer,Phantom,Probe_SNPs,Probe_SNPs_10,dbeta,cutpoint,F1,DNAm
cg04294888,0.485245566,0.605763214,14.98587225,7.04e-43,4.36e-40,86.40684213,0.16415484,0.649400406,0.485245566,22,28839249,F,II,TTC28,Body,opensea,Body-opensea,,,,,,,0.587219031,0.38,0.9330543933054394,hyper
cg05385513,0.476907781,0.636862006,16.81552447,1.37e-51,5.11e-48,106.3804127,0.202841615,0.679749396,0.476907781,2,56150478,F,II,EFEMP1,TSS200,island,TSS200-island,chr2:56150340-56151180,True,,,,,0.576475575,0.36,0.952965235173824,hyper
cg10069493,0.461859343,0.579439144,16.99491377,1.84e-52,8.06e-49,108.3818956,0.159113915,0.620973258,0.461859343,10,45914688,R,I,ALOX5,Body,island,Body-island,chr10:45914374-45914883,True,True,,,,0.572644126,0.36,0.9419087136929462,hyper
cg26573704,0.443961282,0.542280174,15.31663994,2e-44,1.68e-41,89.95182057,0.138243467,0.58220475,0.443961282,5,33892223,R,II,ADAMTS12,TSS200,island,TSS200-island,chr5:33892191-33892403,True,,high-CpG:33927847-33928066,,,0.56913528,0.25,0.9551020408163268,hyper
cg21919857,0.462558015,0.638629273,17.12268461,4.39e-53,2.1400000000000002e-49,109.8115291,0.217668201,0.680226216,0.462558015,5,180018102,R,II,SCGB3A1,Body,island,Body-island,chr5:180017099-180019062,,True,,,,0.564267502,0.52,0.926315789473684,hyper
cg14861089,0.456110824,0.616962583,16.29931593,4.2800000000000004e-49,9.2e-46,100.6603591,0.201868919,0.657979743,0.456110824,10,102895043,R,I,TLX1,Body,island,Body-island,chr10:102893660-102895059,,,,,,0.559211553,0.28,0.9635627530364372,hyper
cg08862890,0.467003585,0.604098205,18.17308614,2.95e-58,4.26e-54,121.6809802,0.179091346,0.64609493,0.467003585,5,169064451,R,I,DOCK2,Body,island,Body-island,chr5:169064270-169064702,,,,,,0.556384629,0.39,0.9506172839506172,hyper
cg00817367,0.476429186,0.603189432,18.76519493,3.31e-61,8.890000000000003e-57,128.4516895,0.169604597,0.646033783,0.476429186,12,52401214,F,I,GRASP,Body,island,Body-island,chr12:52400467-52401696,True,,,,,0.55498594,0.41,0.9527720739219712,hyper
cg20883831,0.462837739,0.543041064,16.14435613,2.3699999999999998e-48,4.21e-45,98.95533661,0.121825424,0.584663163,0.462837739,7,150652948,F,I,KCNH2,TSS200,island,TSS200-island,chr7:150652807-150653080,True,True,high-CpG:150283794-150283891,,,0.553790152,0.16,0.9718875502008032,hyper
cg03576469,0.472785931,0.621988236,17.08321076,6.84e-53,3.18e-49,109.3694999,0.191719025,0.664504956,0.472785931,19,46917061,F,II,CCDC8,TSS200,shore,TSS200-shore,chr19:46915311-46915802,True,,,,,0.549827987,0.38,0.9613034623217924,hyper
cg09296001,0.454654909,0.576115252,19.29261601,7.49e-64,4.690000000000001e-59,134.5230548,0.162346575,0.617001485,0.454654909,7,127672564,R,I,SND1,Body,island,Body-island,chr7:127671158-127672853,True,,,,,0.548335093,0.44,0.9484536082474228,hyper
cg02534363,0.445082018,0.598838056,14.84724763,3.1e-42,1.68e-39,84.93083191,0.1937814,0.638863418,0.445082018,3,47050950,R,II,NBEAL2,3'UTR,island,3'UTR-island,chr3:47050486-47051609,,True,,,,0.543311418,0.26,0.9552845528455284,hyper
cg04407470,0.41683616,0.547685311,15.94979703,2.02e-47,2.9999999999999997e-44,96.82294578,0.168334418,0.585170577,0.41683616,6,108489977,R,I,NR2E1,Body,island,Body-island,chr6:108485671-108490539,,True,,,,0.543105463,0.26,0.9574036511156186,hyper
cg08843517,0.452742099,0.626869579,17.99178091,2.33e-57,2.58e-53,119.6184941,0.214841698,0.667583797,0.452742099,16,88717464,F,I,CYBA,TSS200,island,TSS200-island,chr16:88716989-88717606,,,high-CpG:87244919-87245004,rs72550704,,0.542396344,0.29,0.9699398797595192,hyper
cg02499249,0.461076705,0.568310676,15.17531068,9.19e-44,6.69e-41,88.43322163,0.148697703,0.609774408,0.461076705,3,25469720,R,II,RARB,TSS200,opensea,TSS200-opensea,,,True,,,,0.537191401,0.26,0.9570552147239264,hyper
cg19548479,0.442655104,0.526410017,15.02676679,4.5400000000000015e-43,2.95e-40,86.84337913,0.123562027,0.566217131,0.442655104,17,41363737,R,II,TMEM106A,TSS200,island,TSS200-island,chr17:41363727-41364273,True,,,,,0.536731779,0.31,0.9419087136929462,hyper
cg16332610,0.448924064,0.644556976,18.70762821,6.41e-61,1.4200000000000001e-56,127.791206,0.236003781,0.684927845,0.448924064,15,74658547,F,II,CYP11A1,1stExon,island,1stExon-island,chr15:74658038-74658574,,True,,,,0.536388341,0.38,0.9698189134808854,hyper
cg16232979,0.447779549,0.55432619,16.05728139,6.189999999999999e-48,1.02e-44,97.99982126,0.146814586,0.594594135,0.447779549,19,16187631,F,I,TPM4,Body,island,Body-island,chr19:16186789-16188275,,,high-CpG:16048047-16048853,,,0.536382411,0.39,0.9375,hyper
cg22260952,0.448151326,0.560729884,16.33324683,2.94e-49,6.54e-46,101.0344681,0.152879937,0.601031263,0.448151326,12,104852446,F,I,CHST11,Body,shore,Body-shore,chr12:104850253-104852395,,,,,,0.532698931,0.37,0.9462809917355371,hyper
cg13247663,0.410974029,0.624317945,17.27915966,7.54e-54,4.05e-50,111.5667979,0.250302013,0.661276041,0.410974029,8,59058254,R,I,FAM110B,5'UTR,island,5'UTR-island,chr8:59058167-59059414,True,True,high-CpG:59220802-59221031,,,0.53255206,0.43,0.9552845528455284,hyper
cg20687242,0.434039699,0.581535262,15.27960063,2.98e-44,2.3999999999999997e-41,89.55327381,0.18652791,0.620567609,0.434039699,12,54653427,F,II,CBX5,TSS200,opensea,TSS200-opensea,,True,,,,,0.532474576,0.26,0.9678714859437751,hyper
cg12627583,0.438785201,0.552056092,15.4359162,5.5e-45,5.09e-42,91.23788422,0.152729992,0.591515192,0.438785201,2,201450731,R,II,AOX1,1stExon,island,1stExon-island,chr2:201450526-201451027,True,True,,,,0.53241768,0.18,0.9698189134808854,hyper
cg26654286,0.442770403,0.542524439,15.5782783,1.17e-45,1.23e-42,92.77804597,0.139571518,0.582341921,0.442770403,17,38465510,F,II,RARA,5'UTR,opensea,5'UTR-opensea,,,,,,,0.530988377,0.29,0.952965235173824,hyper
cg06126713,0.432175254,0.608194266,14.45837469,1.9199999999999998e-40,7.45e-38,80.82233386,0.214883692,0.647058947,0.432175254,7,16505617,R,II,SOSTDC1,TSS200,opensea,TSS200-opensea,,,,,,,0.529939612,0.38,0.9330543933054394,hyper
cg20118643,0.437301406,0.603430351,14.83126488,3.68e-42,1.97e-39,84.76103318,0.205454611,0.642756017,0.437301406,15,60690852,R,II,ANXA2,TSS1500,island,TSS1500-island,chr15:60690708-60690930,,,,,,0.527310516,0.45,0.9171974522292994,hyper
cg20676696,0.431736041,0.544759411,14.54194117,7.949999999999996e-41,3.33e-38,81.70114321,0.151848553,0.583584594,0.431736041,1,110210444,R,II,GSTM2,TSS200,shore,TSS200-shore,chr1:110210581-110210956,True,True,,,,0.524323575,0.2,0.959349593495935,hyper
cg00980978,0.434326503,0.537549215,14.21229811,2.55e-39,7.88e-37,78.24794969,0.142280851,0.576607354,0.434326503,20,44098724,R,II,WFDC2,Body,island,Body-island,chr20:44098280-44099536,,True,,,,0.520287603,0.29,0.9397089397089397,hyper
cg15732851,0.400786037,0.550707893,12.13607349,3.16e-30,2.0099999999999999e-28,57.43056628,0.185963766,0.586749803,0.400786037,1,203598761,F,I,ATP2B4,5'UTR,island,5'UTR-island,chr1:203598471-203598853,,,,,,0.519229952,0.21,0.9404517453798767,hyper
cg16260298,0.440477513,0.540672944,16.4909963,5.11e-50,1.32e-46,102.7772927,0.139806718,0.580284231,0.440477513,7,116140342,F,II,CAV2,Body,island,Body-island,chr7:116139774-116140352,True,,,,,0.518921037,0.22,0.9718875502008032,hyper
cg02156680,0.430787277,0.531705566,14.11790526,6.85e-39,1.98e-36,77.26587856,0.139658151,0.570445429,0.430787277,8,120651317,R,II,ENPP2,TSS1500,opensea,TSS1500-opensea,,True,True,,,,0.518424761,0.28,0.9330543933054394,hyper
cg09651145,0.422567793,0.596595116,16.27370258,5.68e-49,1.19e-45,100.3781373,0.212028024,0.634595817,0.422567793,5,148651144,R,II,AFAP1L1,TSS1500,island,TSS1500-island,chr5:148650920-148651772,True,,,,,0.513821145,0.42,0.9308176100628932,hyper
cg27260772,0.396633153,0.587561897,12.23740222,1.18e-30,8.05e-29,58.40488411,0.226597193,0.623230346,0.396633153,6,50791202,F,I,TFAP2B,Body,island,Body-island,chr6:50791110-50791573,,,,,,0.513727276,0.22,0.9469387755102042,hyper
cg22538054,0.428872583,0.516245198,16.21690383,1.0599999999999999e-48,2.05e-45,99.75285779,0.125940293,0.554812876,0.428872583,12,95941988,F,I,USP44,5'UTR,island,5'UTR-island,chr12:95941906-95942979,True,,,rs61939483,,0.511736954,0.18,0.967741935483871,hyper
cg15410675,0.415406122,0.627036834,13.90574682,6.23e-38,1.5e-35,75.0698941,0.248987377,0.664393499,0.415406122,4,154144800,F,II,TRIM2,Body,shore,Body-shore,chr4:154143932-154144463,,True,,,,0.509137734,0.44,0.926315789473684,hyper
cg14130039,0.431070513,0.582808576,15.17480868,9.24e-44,6.7e-41,88.42783788,0.190503396,0.62157391,0.431070513,6,32121225,R,II,PPT2,TSS200,shore,TSS200-shore,chr6:32121829-32122529,,,,,,0.508970194,0.21,0.9699398797595192,hyper
cg17437939,0.427859796,0.639887755,15.15461024,1.15e-43,8.199999999999997e-41,88.21127856,0.250504559,0.678364355,0.427859796,7,97361252,R,II,TAC1,TSS200,island,TSS200-island,chr7:97361132-97363018,,,,,,0.508479739,0.34,0.9637096774193548,hyper
cg21634602,0.38979035,0.55847866,10.53077795,9.13e-24,2.33e-22,42.6639951,0.203741399,0.593531749,0.38979035,5,112073570,R,II,APC,1stExon,opensea,1stExon-opensea,,True,True,high-CpG:112101462-112101485,,,0.507761097,0.16,0.9363449691991786,hyper
cg06244497,0.429319861,0.526680156,14.54416643,7.77e-41,3.26e-38,81.72457577,0.135968196,0.565288057,0.429319861,19,39466575,F,II,FBXO17,TSS200,shore,TSS200-shore,chr19:39465846-39466403,,True,,,,0.505732424,0.31,0.9375,hyper
cg20601919,0.425405436,0.593147991,10.99105428,1.46e-25,4.72e-24,46.76261313,0.20599844,0.631403876,0.425405436,2,219646831,F,I,CYP27A1,5'UTR,island,5'UTR-island,chr2:219646432-219647181,True,,high-CpG:219354692-219355323,,,0.505606056,0.22,0.908704883227176,hyper
cg06947913,0.381894179,0.489870477,13.32328342,2.45e-35,3.7e-33,69.12535565,0.1423193,0.524213479,0.381894179,12,50297793,R,I,FAIM2,TSS200,island,TSS200-island,chr12:50297580-50297988,True,True,,,,0.505495947,0.21,0.931106471816284,hyper
cg07198194,0.418193306,0.539452539,18.43280484,1.5100000000000001e-59,2.6999999999999997e-55,124.6444812,0.158866545,0.577059851,0.418193306,10,3109053,R,I,PFKP,TSS1500,island,TSS1500-island,chr10:3108650-3111419,,,,,,0.504579713,0.29,0.9698189134808854,hyper
cg00800229,0.423759953,0.498647404,16.08532684,4.54e-48,7.63e-45,98.30737384,0.11299536,0.536755313,0.423759953,14,22004993,F,I,SALL2,1stExon,opensea,1stExon-opensea,,,True,,,,0.503361843,0.18,0.967741935483871,hyper
cg00735923,0.403022924,0.63903779,14.32860487,7.54e-40,2.5800000000000002e-37,79.46219153,0.272257935,0.675280859,0.403022924,7,117119963,R,II,CFTR,TSS200,opensea,TSS200-opensea,,,,low-CpG:116906174-116907321,,,0.50322073,0.37,0.9575757575757576,hyper
cg24033558,0.423071661,0.579939945,20.19649747,2.04e-68,3.84e-63,145.0009546,0.194914296,0.617985957,0.423071661,15,45479755,R,I,SHF,Body,island,Body-island,chr15:45479509-45480498,True,,,,,0.502369931,0.34,0.9718875502008032,hyper
cg22178238,0.400404639,0.603977012,17.85422558,1.12e-56,1e-52,118.0573089,0.239579985,0.639984623,0.400404639,7,158362809,F,I,PTPRN2,Body,island,Body-island,chr7:158361909-158362970,,,,rs74714314,,0.500096336,0.48,0.9462809917355371,hyper
cg18516619,0.402575136,0.533353476,14.32831605,7.56e-40,2.5800000000000002e-37,79.45917062,0.16698114,0.569556276,0.402575136,17,78806891,R,II,RPTOR,Body,opensea,Body-opensea,,,True,,,,0.499264643,0.31,0.9465020576131686,hyper
cg14000361,0.40298381,0.612182869,15.35752576,1.29e-44,1.1099999999999999e-41,90.39220909,0.24543861,0.648422421,0.40298381,6,10882336,F,I,GCM2,TSS1500,shore,TSS1500-shore,chr6:10882926-10883149,,,,,,0.498140837,0.41,0.9465020576131686,hyper
cg20787173,0.398757684,0.541145196,14.53223371,8.81e-41,3.65e-38,81.59894002,0.178247016,0.5770047,0.398757684,6,133562475,F,I,EYA4,TSS200,island,TSS200-island,chr6:133562086-133563586,True,,,,,0.497229225,0.19,0.9635627530364372,hyper
cg16703956,0.405173205,0.528863792,16.24020906,8.23e-49,1.6099999999999998e-45,100.0093239,0.160127027,0.565300232,0.405173205,5,1446217,F,I,SLC6A3,TSS1500,island,TSS1500-island,chr5:1444678-1446648,True,,,,rs2735852,0.494943659,0.32,0.9549180327868853,hyper
cg14616251,0.40401107,0.581737678,14.91609077,1.49e-42,8.53e-40,85.66310999,0.214058538,0.618069609,0.40401107,1,24648696,R,II,GRHL3,TSS1500,island,TSS1500-island,chr1:24648202-24648985,True,,,,,0.494668251,0.42,0.9194915254237288,hyper
cg23618344,0.405861603,0.546190164,14.29823635,1.04e-39,3.4500000000000004e-37,79.14470376,0.176826907,0.58268851,0.405861603,12,54423428,R,II,HOXC4,5'UTR,island,5'UTR-island,chr12:54423427-54423712,,,,,,0.492325629,0.29,0.959349593495935,hyper
cg26412532,0.407850797,0.518748398,15.30889551,2.17e-44,1.8e-41,89.86845731,0.14757483,0.555425628,0.407850797,10,103881068,F,II,LDB1,TSS1500,shore,TSS1500-shore,chr10:103879633-103880628,,,,,,0.490481376,0.33,0.9397089397089397,hyper
cg04203238,0.397378973,0.563978376,16.31099095,3.76e-49,8.18e-46,100.7890526,0.202334922,0.599713895,0.397378973,4,16085702,F,I,PROM1,TSS200,island,TSS200-island,chr4:16084195-16085735,True,,high-CpG:15694060-15695184,,,0.490392611,0.41,0.9484536082474228,hyper
cg23267759,0.391573087,0.545523498,14.86927627,2.45e-42,1.35e-39,85.16499047,0.189163817,0.580736905,0.391573087,18,19751335,F,I,GATA6,Body,island,Body-island,chr18:19744936-19752363,,True,,,,0.490247286,0.4,0.9194915254237288,hyper
cg15835232,0.396693858,0.509379252,15.87736934,4.46e-47,6.34e-44,96.03156556,0.148359303,0.545053161,0.396693858,17,53343075,F,II,HLF,Body,shore,Body-shore,chr17:53342198-53343061,,,,,,0.489519584,0.27,0.9551020408163268,hyper
cg15267232,0.416894211,0.60183044,18.13185186,4.720000000000001e-58,6.339999999999999e-54,121.2114435,0.222426716,0.639320927,0.416894211,10,8097689,F,I,GATA3,Body,island,Body-island,chr10:8091374-8098329,,,,,,0.487701812,0.33,0.9676113360323888,hyper
cg07302069,0.426054807,0.5203073,12.93235538,1.26e-33,1.41e-31,65.20911249,0.132566774,0.558621581,0.426054807,7,27196286,F,I,HOXA7,5'UTR,island,5'UTR-island,chr7:27195601-27196567,True,,high-CpG:27162728-27162853,,,0.4867648,0.28,0.9194915254237288,hyper
cg12630147,0.410054937,0.585328732,14.5391136,8.19e-41,3.41e-38,81.67137055,0.212149238,0.622204176,0.410054937,10,70321574,F,II,TET1,5'UTR,shore,5'UTR-shore,chr10:70320130-70320822,True,,,,,0.484668994,0.33,0.9508196721311476,hyper
cg15323528,0.417296074,0.499650354,16.15853505,2.0299999999999998e-48,3.63e-45,99.11110559,0.119880905,0.537176979,0.417296074,10,73156427,R,II,CDH23,TSS1500,island,TSS1500-island,chr10:73156164-73157954,True,,high-CpG:72826209-72826722,,,0.484093302,0.23,0.9570552147239264,hyper
cg18844382,0.4102668,0.533370037,17.88650517,7.740000000000003e-57,7.67e-53,118.42338,0.159997734,0.570264534,0.4102668,14,23834977,F,I,EFS,TSS200,island,TSS200-island,chr14:23834435-23835947,,,high-CpG:22904163-22905667,,,0.484000353,0.44,0.9308176100628932,hyper
cg14820199,0.396407419,0.620009157,13.93530785,4.5799999999999996e-38,1.14e-35,75.37491714,0.259249887,0.655657306,0.396407419,4,11429415,R,II,HS3ST1,5'UTR,island,5'UTR-island,chr4:11429414-11429633,,,,,,0.483685543,0.37,0.9443298969072164,hyper
cg10119075,0.415495678,0.596070155,15.81724256,8.62e-47,1.15e-43,95.37561565,0.217939196,0.633434874,0.415495678,10,7709738,F,II,ITIH5,TSS1500,opensea,TSS1500-opensea,,,,,,,0.483559218,0.38,0.9506172839506172,hyper
cg02029926,0.399465749,0.567971628,13.04010163,4.2799999999999995e-34,5.200000000000001e-32,66.28235253,0.204429058,0.603894807,0.399465749,4,74734874,F,II,CXCL1,TSS1500,shore,TSS1500-shore,chr4:74734918-74735544,,,,,,0.483423726,0.28,0.9467213114754098,hyper
cg07100000,0.39308665,0.582334602,15.3894824,9.09e-45,8.13e-42,90.73674873,0.22459747,0.617684121,0.39308665,5,170877840,F,II,FGF18,Body,island,Body-island,chr5:170877798-170878210,,,,,,0.483222542,0.41,0.9330543933054394,hyper
cg13273396,0.423531102,0.561323882,13.49964233,4.0700000000000004e-36,6.98e-34,70.91179127,0.17588011,0.599411212,0.423531102,12,81471867,R,II,ACSS3,1stExon,island,1stExon-island,chr12:81471569-81472119,,,high-CpG:79995927-79996052,,,0.483213512,0.34,0.9217758985200843,hyper
cg16596604,0.405527198,0.57377082,14.90756188,1.6299999999999997e-42,9.29e-40,85.57231036,0.204711895,0.610239094,0.405527198,16,21294947,R,I,CRYM,5'UTR,shore,5'UTR-shore,chr16:21294980-21295414,,,,,,0.482619714,0.32,0.952965235173824,hyper
cg24302235,0.438606613,0.499614019,13.98980323,2.6e-38,6.73e-36,75.93803793,0.100450447,0.53905706,0.438606613,3,170746073,R,II,SLC2A2,TSS1500,island,TSS1500-island,chr3:170746072-170746292,True,True,,,,0.482269913,0.19,0.9549180327868853,hyper
cg21526205,0.382585958,0.481895301,13.9876156,2.66e-38,6.87e-36,75.91541209,0.133714555,0.516300513,0.382585958,1,76540574,R,I,ST6GALNAC3,Body,island,Body-island,chr1:76540147-76540653,True,,,,,0.481788655,0.15,0.9637096774193548,hyper
cg25307318,0.393327522,0.63756941,16.10857405,3.52e-48,6e-45,98.56245538,0.279613068,0.67294059,0.393327522,10,123923081,R,II,TACC2,Body,island,Body-island,chr10:123922850-123923542,,True,high-CpG:123912997-123913135,,,0.48102831,0.39,0.9656565656565655,hyper
cg23477967,0.417470394,0.525123241,13.21945486,7.030000000000001e-35,9.71e-33,68.07927109,0.145195148,0.562665542,0.417470394,2,188419087,F,II,TFPI,1stExon,opensea,1stExon-opensea,,,True,,,,0.480479799,0.25,0.931106471816284,hyper
cg24167314,0.402137505,0.543795374,11.54956186,8.4e-28,3.7e-26,51.88540932,0.177821313,0.579958818,0.402137505,12,103311500,R,II,PAH,TSS200,shore,TSS200-shore,chr12:103311040-103311253,,True,,,,0.480435474,0.34,0.8984881209503239,hyper
cg05661282,0.398763858,0.530144837,16.97684584,2.26e-52,9.43e-49,108.1800028,0.167241039,0.566004896,0.398763858,19,58220370,R,I,ZNF154,5'UTR,island,5'UTR-island,chr19:58220189-58220517,True,,,,rs10559485,0.479850715,0.31,0.959349593495935,hyper
cg05769889,0.398876408,0.543938469,13.39435553,1.19e-35,1.89e-33,69.84384231,0.180932242,0.57980865,0.398876408,12,89744701,R,I,DUSP6,Body,shore,Body-shore,chr12:89745168-89748144,,,low-CpG:88268599-88268847,,rs61754239,0.47815569,0.34,0.9308176100628932,hyper
cg24013620,0.398142935,0.525558254,15.5964511,9.61e-46,1.0399999999999998e-42,92.97504982,0.163219539,0.561362475,0.398142935,8,144798688,F,I,MAPK15,Body,island,Body-island,chr8:144798487-144799038,,True,,,,0.478020512,0.2,0.9718875502008032,hyper
cg14936968,0.39834322,0.553075326,16.40118231,1.38e-49,3.2399999999999998e-46,101.7843133,0.190554338,0.588897558,0.39834322,3,57198533,F,I,IL17RD,Body,island,Body-island,chr3:57198243-57199378,,,,,,0.47717792,0.42,0.9375,hyper
cg21799346,0.388708471,0.49078097,13.54312439,2.61e-36,4.61e-34,71.35407303,0.137028297,0.525736768,0.388708471,11,2905372,R,I,CDKN1C,Body,island,Body-island,chr11:2905023-2907024,,,,,rs68019446,0.476757335,0.3,0.9148936170212766,hyper
cg13123964,0.422605377,0.612422871,15.28416439,2.8400000000000013e-44,2.29e-41,89.60235922,0.227821575,0.650426952,0.422605377,8,38323238,F,II,FGFR1,5'UTR,shore,5'UTR-shore,chr8:38323719-38324070,,,,,rs12541403,0.476671486,0.43,0.9375,hyper
cg20384898,0.407466484,0.501571651,13.87984504,8.15e-38,1.92e-35,74.80288563,0.130747836,0.538214321,0.407466484,6,1625111,F,II,GMDS,Body,island,Body-island,chr6:1624185-1625468,True,,,,,0.475575052,0.24,0.9527720739219712,hyper
cg02639634,0.399972538,0.585893088,15.53598859,1.85e-45,1.86e-42,92.31994852,0.221889303,0.621861841,0.399972538,8,54792161,F,II,RGS20,Body,island,Body-island,chr8:54791845-54795141,,,,,,0.475243393,0.31,0.9656565656565655,hyper
cg09038676,0.410643148,0.602909829,16.05944319,6.04e-48,1e-44,98.02352112,0.229195022,0.63983817,0.410643148,11,67351608,F,II,GSTP1,Body,island,Body-island,chr11:67350928-67351953,True,,,rs8191444,,0.475132927,0.45,0.9443298969072164,hyper
cg08421126,0.391410063,0.58952271,10.9789372,1.64e-25,5.2299999999999995e-24,46.65325629,0.233311394,0.624721457,0.391410063,2,43019854,R,II,HAAO,TSS200,island,TSS200-island,chr2:43019665-43020509,,,high-CpG:42873185-42873845,,,0.475001655,0.23,0.925,hyper
cg21623671,0.406364468,0.56861139,14.298712,1.03e-39,3.44e-37,79.14967405,0.198790489,0.605154957,0.406364468,5,150536851,F,II,ANXA6,5'UTR,shore,5'UTR-shore,chr5:150537019-150537418,,,,,,0.474970587,0.36,0.9355509355509356,hyper
cg03796321,0.409456766,0.588017663,15.57293879,1.24e-45,1.2999999999999998e-42,92.72017966,0.215382549,0.624839315,0.409456766,15,86162442,F,II,AKAP13,Body,opensea,Body-opensea,,,True,,rs16942230,,0.474016886,0.36,0.9551020408163268,hyper
cg14188232,0.39077112,0.574677122,14.46488626,1.79e-40,6.99e-38,80.89072952,0.21904729,0.60981841,0.39077112,15,68724065,F,II,ITGA11,Body,island,Body-island,chr15:68723367-68724691,True,,,,,0.473818593,0.4,0.9355509355509356,hyper
cg23230584,0.38374278,0.489381656,16.94554524,3.2e-52,1.3099999999999999e-48,107.8304072,0.140148118,0.523890899,0.38374278,7,95025740,F,I,PON3,TSS200,island,TSS200-island,chr7:95025559-95026122,,,,,,0.473357328,0.29,0.952965235173824,hyper
cg07016276,0.40410256,0.567067634,17.24358989,1.13e-53,5.88e-50,111.1673678,0.199305233,0.603407793,0.40410256,6,29692009,F,I,HLA-F,Body,island,Body-island,chr6:29691106-29692093,True,True,,rs3087327,,0.473347128,0.35,0.959349593495935,hyper
cg21883802,0.384787581,0.505551574,14.27291143,1.35e-39,4.390000000000001e-37,78.88018162,0.155367194,0.540154774,0.384787581,14,92413706,R,I,FBLN5,5'UTR,island,5'UTR-island,chr14:92413581-92414324,True,,,,,0.472369481,0.35,0.9148936170212766,hyper
cg03317517,0.38401096,0.574920763,14.12391369,6.44e-39,1.86e-36,77.32829928,0.225443163,0.609454123,0.38401096,19,20188803,F,II,ZNF90,1stExon,opensea,1stExon-opensea,,True,,low-CpG:20049773-20049820,rs73536227,,0.47229751,0.33,0.9443298969072164,hyper
cg10541755,0.404856435,0.549163219,15.22606734,5.32e-44,4.05e-41,88.977945,0.180714737,0.585571172,0.404856435,3,170625872,R,II,EIF5A2,5'UTR,island,5'UTR-island,chr3:170625831-170626841,,,,,,0.471703635,0.35,0.9330543933054394,hyper
cg19788741,0.387815223,0.557672051,14.80691364,4.77e-42,2.52e-39,84.50248034,0.204732297,0.59254752,0.387815223,5,101632310,F,I,SLCO4C1,TSS200,island,TSS200-island,chr5:101632049-101632373,True,,,,,0.471688796,0.27,0.9552845528455284,hyper
cg03789645,0.392325229,0.667770103,15.01961695,4.9000000000000015e-43,3.16e-40,86.76702055,0.31072592,0.703051148,0.392325229,7,148394842,R,II,CUL1,TSS1500,shore,TSS1500-shore,chr7:148395430-148397002,,,,,rs6959365,0.470830665,0.51,0.937759336099585,hyper
cg05057720,0.38805398,0.523356677,14.81634277,4.31e-42,2.29e-39,84.6025737,0.170199637,0.558253617,0.38805398,14,38724675,R,I,CLEC14A,1stExon,island,1stExon-island,chr14:38724254-38725537,,True,,,,0.470590324,0.2,0.9635627530364372,hyper
cg02711647,0.413300997,0.516076931,14.11092536,7.37e-39,2.11e-36,77.19338106,0.13994329,0.553244287,0.413300997,2,45237689,R,I,SIX2,TSS1500,island,TSS1500-island,chr2:45235511-45237792,,,,,,0.469704983,0.22,0.9572301425661914,hyper
cg04156293,0.395899983,0.546252972,13.86541168,9.46e-38,2.21e-35,74.65420383,0.185955505,0.581855488,0.395899983,7,100488942,R,I,ACHE,Body,shore,Body-shore,chr7:100489981-100490365,,,,,,0.468009965,0.22,0.9678714859437751,hyper
cg27223047,0.398303501,0.62881197,14.07058172,1.1199999999999999e-38,3.09e-36,76.77467879,0.266327129,0.66463063,0.398303501,5,127874825,F,II,FBN2,TSS1500,island,TSS1500-island,chr5:127872563-127874945,,,,rs55770077,,0.46711309,0.3,0.9699398797595192,hyper
cg19156875,0.407107078,0.562363236,14.70191434,1.46e-41,7.04e-39,83.38975048,0.191866507,0.598973585,0.407107078,17,43974446,R,I,MAPT,5'UTR,island,5'UTR-island,chr17:43971410-43975040,,,,,,0.466886753,0.3,0.9527720739219712,hyper
cg13722431,0.386170284,0.546829967,16.76850358,2.32e-51,8.32e-48,105.8569221,0.195387227,0.581557511,0.386170284,6,2903533,F,I,SERPINB9,1stExon,island,1stExon-island,chr6:2903175-2903906,True,,high-CpG:2848460-2848554,rs2236275,,0.466804026,0.35,0.9614604462474644,hyper
cg27494647,0.396712069,0.61421782,15.99224843,1.26e-47,1.97e-44,97.28741049,0.253181297,0.649893366,0.396712069,7,150038898,F,I,RARRES2,TSS200,island,TSS200-island,chr7:150037459-150039031,True,,,,,0.466097955,0.37,0.9572301425661914,hyper
cg16786640,0.379878055,0.656338432,13.45875152,6.18e-36,1.03e-33,70.49652217,0.310622073,0.690500128,0.379878055,4,3485263,R,I,DOK7,Body,shore,Body-shore,chr4:3485963-3486381,,,,,,0.465381269,0.43,0.9399585921325052,hyper
cg00536939,0.409704033,0.514341935,15.37203205,1.1e-44,9.61e-42,90.54857261,0.14148179,0.551185823,0.409704033,11,47279352,R,II,NR1H3,TSS200,opensea,TSS200-opensea,,True,True,,,,0.465295211,0.27,0.9462809917355371,hyper
cg00489401,0.39405976,0.701199502,16.72376517,3.83e-51,1.29e-47,105.3592869,0.342576771,0.736636531,0.39405976,5,180075875,F,II,FLT4,Body,island,Body-island,chr5:180075688-180076906,,,,,,0.464824722,0.53,0.948665297741273,hyper
cg26213453,0.396586415,0.58287851,15.43188911,5.74e-45,5.31e-42,91.1943981,0.221956341,0.618542756,0.396586415,15,89455860,F,II,MFGE8,Body,shore,Body-shore,chr15:89456224-89456830,,,,,,0.464752539,0.28,0.9698189134808854,hyper
cg18108623,0.398384926,0.541016655,12.77020825,6.34e-33,6.26e-31,63.60303406,0.178457712,0.576842638,0.398384926,17,33701321,R,II,SLFN11,TSS1500,island,TSS1500-island,chr17:33700989-33701657,,True,,,,0.46462549,0.28,0.9355509355509356,hyper
cg06263461,0.384253485,0.534546658,17.64573131,1.1899999999999999e-55,8.32e-52,115.6971964,0.184848342,0.569101827,0.384253485,20,45280237,F,I,SLC13A3,TSS200,shore,TSS200-shore,chr20:45279781-45280169,,,,,,0.464234377,0.41,0.937759336099585,hyper
cg13940444,0.386106097,0.630489489,15.17239219,9.49e-44,6.85e-41,88.40192301,0.279105164,0.665211261,0.386106097,12,53617382,R,II,RARG,Body,shelf,Body-shelf,chr12:53613716-53615103,True,True,,,,0.463473039,0.5,0.9171974522292994,hyper
cg13482308,0.389731047,0.476278128,16.36497548,2.07e-49,4.72e-46,101.3845419,0.121594837,0.511325884,0.389731047,9,37002685,R,I,PAX5,Body,island,Body-island,chr9:37002489-37002957,,,,,,0.462908637,0.16,0.9717741935483872,hyper
cg05971966,0.374855558,0.578301172,16.90832439,4.86e-52,1.93e-48,107.4149548,0.237155646,0.612011204,0.374855558,5,40681137,F,I,PTGER4,Body,island,Body-island,chr5:40679502-40682081,True,,,,,0.459589552,0.38,0.959349593495935,hyper
cg17395064,0.390403514,0.556021758,14.94494715,1.0899999999999998e-42,6.43e-40,85.97048293,0.200726474,0.591129988,0.390403514,12,104609476,R,I,TXNRD1,TSS200,island,TSS200-island,chr12:104609397-104610172,,,,,,0.458651251,0.3,0.959349593495935,hyper
cg06716182,0.389999041,0.495744692,11.29266781,9.2e-27,3.4899999999999998e-25,49.50934901,0.140817507,0.530816548,0.389999041,11,96074944,F,II,MAML2,1stExon,opensea,1stExon-opensea,,,True,,,,0.458055593,0.18,0.9175475687103596,hyper
cg04931383,0.386946908,0.636960919,15.41023414,7.259999999999999e-45,6.549999999999999e-42,90.96063673,0.284811394,0.671758303,0.386946908,4,37978731,R,II,TBC1D1,Body,island,Body-island,chr4:37978702-37979595,,,,,,0.457306596,0.48,0.9352818371607516,hyper
cg14102988,0.397848045,0.508560546,13.55235796,2.37e-36,4.23e-34,71.44808523,0.146490203,0.544338248,0.397848045,9,113801337,R,II,LPAR1,TSS1500,island,TSS1500-island,chr9:113799913-113801375,,,high-CpG:112840107-112841306,,,0.457010748,0.2,0.952965235173824,hyper
cg20486569,0.396307054,0.636266014,15.47364674,3.65e-45,3.51e-42,91.64553262,0.275598083,0.671905137,0.396307054,22,19512228,F,II,CLDN5,1stExon,island,1stExon-island,chr22:19510871-19512254,,,,,,0.456408755,0.5,0.9217758985200843,hyper
cg02032778,0.409746377,0.530437612,10.80665716,7.77e-25,2.28e-23,45.10686626,0.157538931,0.567285308,0.409746377,7,29186228,F,II,CPVL,TSS200,opensea,TSS200-opensea,,,True,,rs245880,,0.456113385,0.2,0.9171974522292994,hyper
cg03306374,0.408407254,0.497324435,13.19428172,9.06e-35,1.23e-32,67.82628901,0.125644451,0.534051706,0.408407254,16,23847325,R,I,PRKCB,1stExon,island,1stExon-island,chr16:23846941-23848102,True,,high-CpG:23754772-23755017,,,0.455578331,0.23,0.926315789473684,hyper
cg03679305,0.398612311,0.51433902,14.16514675,4.18e-39,1.25e-36,77.75700005,0.15157314,0.55018545,0.398612311,1,9129487,F,II,SLC2A5,Body,shelf,Body-shelf,chr1:9131602-9131909,,True,low-CpG:9051939-9052394,,,0.45552062,0.28,0.9440993788819876,hyper
cg13782615,0.39521106,0.568409374,13.98068659,2.86e-38,7.35e-36,75.84375905,0.208738877,0.603949937,0.39521106,11,4079556,F,II,STIM1,Body,opensea,Body-opensea,,,True,,,,0.455359693,0.4,0.926315789473684,hyper
cg11142705,0.372960164,0.482327575,13.36113555,1.67e-35,2.59e-33,69.507769,0.142906995,0.515867158,0.372960164,3,42306974,R,II,CCK,TSS1500,island,TSS1500-island,chr3:42306149-42307520,,,,,,0.45486913,0.31,0.919831223628692,hyper
cg12161228,0.374806154,0.508683851,14.72801786,1.1e-41,5.51e-39,83.66605981,0.167583287,0.542389441,0.374806154,11,89224506,R,I,NOX4,1stExon,island,1stExon-island,chr11:89224416-89224718,,True,,,,0.454733011,0.2,0.96579476861167,hyper
cg07330230,0.396037435,0.484941842,12.24450409,1.11e-30,7.560000000000001e-29,58.47334642,0.124519284,0.520556719,0.396037435,3,125899925,F,I,ALDH1L1,TSS1500,shore,TSS1500-shore,chr3:125898662-125899568,,True,,,,0.454430407,0.13,0.9572301425661914,hyper
cg06679087,0.376262158,0.540485243,13.28982546,3.4500000000000004e-35,5.05e-33,68.7878009,0.198059609,0.574321768,0.376262158,10,99473206,R,I,MARVELD1,TSS1500,island,TSS1500-island,chr10:99473084-99473291,,,,,,0.454109165,0.32,0.919831223628692,hyper
cg23108709,0.385975182,0.594830224,16.03283806,8.09e-48,1.31e-44,97.73193001,0.24356504,0.629540222,0.385975182,2,219847136,R,I,FEV,Body,island,Body-island,chr2:219846291-219847137,,,,,,0.454051289,0.41,0.9527720739219712,hyper
cg11574975,0.383056044,0.492316802,15.34238668,1.51e-44,1.28e-41,90.22908808,0.143708245,0.526764288,0.383056044,1,112058304,R,I,ADORA3,Body,island,Body-island,chr1:112058184-112058590,True,True,,,,0.453745335,0.16,0.967741935483871,hyper
cg20162652,0.375544757,0.557521277,10.78642148,9.33e-25,2.7e-23,44.92627342,0.215748531,0.591293287,0.375544757,12,66629018,R,II,IRAK3,Body,opensea,Body-opensea,,,,,,,0.452482389,0.25,0.9291666666666666,hyper
cg21899596,0.374236505,0.702887738,14.87442241,2.32e-42,1.28e-39,85.21971399,0.362305595,0.736542099,0.374236505,4,57522493,R,II,HOPX,1stExon,island,1stExon-island,chr4:57521621-57522703,True,,high-CpG:57216994-57217416,,,0.452014716,0.6,0.9178947368421052,hyper
cg12507655,0.377698772,0.562152741,14.84368748,3.22e-42,1.74e-39,84.89300248,0.218419685,0.596118458,0.377698772,7,100465051,R,I,TRIP6,1stExon,shore,1stExon-shore,chr7:100463758-100464146,,,,,,0.451066941,0.38,0.931106471816284,hyper
cg08320659,0.370388283,0.465447439,10.08297577,4.55e-22,9.54e-21,38.78936636,0.128367455,0.498755738,0.370388283,6,26088202,R,II,HFE,Body,opensea,Body-opensea,,True,True,,,,0.450968583,0.19,0.9017094017094016,hyper
cg07251099,0.378065431,0.499083257,12.41750753,2.0500000000000003e-31,1.57e-29,60.14809726,0.155016516,0.533081947,0.378065431,3,112052405,F,II,CD200,Body,island,Body-island,chr3:112051893-112052406,,,,,,0.450854847,0.28,0.9333333333333336,hyper
cg13506653,0.370669118,0.478476884,9.47508617,7.64e-20,1.25e-18,33.71778261,0.141141319,0.511810437,0.370669118,4,54965863,F,I,GSX2,TSS1500,shore,TSS1500-shore,chr4:54966163-54968063,True,,,,,0.450021229,0.17,0.8898488120950324,hyper
cg10446179,0.388711073,0.458750567,12.2040024,1.64e-30,1.09e-28,58.08321482,0.104995526,0.493706599,0.388711073,6,121758653,R,II,GJA1,5'UTR,opensea,5'UTR-opensea,,,,,,,0.449616584,0.1,0.9551020408163268,hyper
cg18726691,0.379444611,0.623043185,14.48052482,1.52e-40,6e-38,81.05504901,0.277721291,0.657165902,0.379444611,15,90039613,R,II,RHCG,1stExon,island,1stExon-island,chr15:90039464-90039984,True,True,,,,0.447694587,0.52,0.905982905982906,hyper
cg14904662,0.382889816,0.605949558,14.63396762,3e-41,1.3799999999999999e-38,82.67153561,0.257492279,0.640382095,0.382889816,8,41655673,R,I,ANK1,TSS1500,island,TSS1500-island,chr8:41654875-41655984,True,True,,,,0.447454124,0.39,0.9443298969072164,hyper
cg20072171,0.386960506,0.520686004,12.43537568,1.7200000000000002e-31,1.33e-29,60.3218275,0.168524105,0.555484611,0.386960506,3,62356962,R,I,FEZF2,Body,island,Body-island,chr3:62356773-62357315,,,,,,0.445741834,0.37,0.8864628820960699,hyper
cg13803976,0.373802887,0.571258915,14.66066754,2.2599999999999999e-41,1.06e-38,82.95358601,0.231071396,0.604874283,0.373802887,2,87016129,R,II,CD8A,Body,island,Body-island,chr2:87015974-87018182,,,,,,0.445357568,0.32,0.9614604462474644,hyper
cg01514828,0.37813969,0.507331928,11.30450663,8.240000000000001e-27,3.15e-25,49.6181181,0.163197606,0.541337296,0.37813969,17,36715074,R,II,SRCIN1,Body,shore,Body-shore,chr17:36715691-36715995,,True,,,,0.444382964,0.4,0.8616071428571429,hyper
cg07891473,0.370686018,0.476764613,13.37551828,1.44e-35,2.26e-33,69.65322097,0.139413669,0.510099687,0.370686018,3,64670640,R,II,ADAMTS9,Body,shore,Body-shore,chr3:64671087-64673957,,,,,,0.443509496,0.22,0.9531568228105906,hyper
cg20104456,0.394128198,0.648747553,15.35760742,1.28e-44,1.1099999999999999e-41,90.39308912,0.290062539,0.684190737,0.394128198,19,51568523,R,II,KLK13,TSS200,shore,TSS200-shore,chr19:51568154-51568412,,True,,,,0.442406781,0.47,0.9308176100628932,hyper
cg16642281,0.371443321,0.607734383,13.33997235,2.07e-35,3.17e-33,69.29389231,0.269694238,0.641137559,0.371443321,4,109034555,F,II,LEF1,Body,opensea,Body-opensea,,,True,,,,0.441525716,0.39,0.93801652892562,hyper
cg22806907,0.379415638,0.4440507,12.31220282,5.7200000000000005e-31,4.1000000000000003e-29,59.12710633,0.098755173,0.478170811,0.379415638,17,40826212,F,I,PLEKHH3,Body,shore,Body-shore,chr17:40827975-40828659,,True,,,,0.438624537,0.11,0.959349593495935,hyper
cg06248767,0.389988474,0.548965862,14.46524586,1.79e-40,6.97e-38,80.89450703,0.194048294,0.584036768,0.389988474,8,56852290,R,I,LYN,5'UTR,opensea,5'UTR-opensea,,,True,,,,0.438217766,0.31,0.9591836734693876,hyper
cg07676859,0.387542946,0.495350879,13.95873792,3.59e-38,9.05e-36,75.61689959,0.142658917,0.530201863,0.387542946,20,23015932,R,I,SSTR4,TSS200,island,TSS200-island,chr20:23015716-23016879,,,,,,0.43766027,0.18,0.9570552147239264,hyper
cg00349607,0.384334453,0.51714262,13.7388458,3.5e-37,7.300000000000001e-35,73.35364556,0.167370617,0.551705071,0.384334453,1,39546688,R,I,MACF1,TSS1500,shore,TSS1500-shore,chr1:39547013-39547959,True,,,,,0.436877342,0.17,0.972,hyper
cg14619259,0.37808919,0.471006768,12.28613145,7.380000000000001e-31,5.2e-29,58.87509364,0.126918404,0.505007594,0.37808919,5,141705539,F,I,SPRY4,TSS1500,island,TSS1500-island,chr5:141705391-141705688,,,,,,0.436728677,0.26,0.9175475687103596,hyper
cg05306745,0.375457961,0.604337359,14.4752474,1.61e-40,6.32e-38,80.99958852,0.262643604,0.638101565,0.375457961,17,76921845,F,I,TIMP2,TSS1500,island,TSS1500-island,chr17:76920684-76921961,,,,rs8179090,rs36099107,0.436716587,0.37,0.9443298969072164,hyper
cg09025324,0.371570756,0.547645571,13.08560032,2.71e-34,3.41e-32,66.73697542,0.209489451,0.581060207,0.371570756,6,116691685,R,II,DSE,TSS1500,shore,TSS1500-shore,chr6:116691827-116692868,,,,,,0.436608412,0.38,0.9125799573560768,hyper
cg01799671,0.381307168,0.622732844,13.62335794,1.15e-36,2.17e-34,72.17204677,0.275715889,0.657023057,0.381307168,16,81560752,R,II,CMIP,Body,opensea,Body-opensea,,,True,,,,0.43658401,0.41,0.9397089397089397,hyper
cg25714826,0.37168031,0.529171342,13.28717887,3.5400000000000004e-35,5.17e-33,68.76111835,0.190915521,0.562595831,0.37168031,16,85784062,F,II,C16orf74,5'UTR,island,5'UTR-island,chr16:85783862-85785131,,,,rs13331523,,0.435075761,0.31,0.9465020576131686,hyper
cg23376821,0.374958668,0.462962078,10.64848264,3.2099999999999997e-24,8.689999999999999e-23,43.70115677,0.121722715,0.496681383,0.374958668,6,45391365,R,II,RUNX2,Body,island,Body-island,chr6:45389420-45391646,True,,,,,0.434717826,0.25,0.8820960698689956,hyper
cg14621217,0.394938213,0.580172094,16.26555572,6.22e-49,1.28e-45,100.2884035,0.220749907,0.61568812,0.394938213,17,80944134,F,II,B3GNTL1,Body,opensea,Body-opensea,,True,,,rs9916813,,0.434296691,0.37,0.948665297741273,hyper
cg22635676,0.370083502,0.691364811,15.99694388,1.2e-47,1.88e-44,97.33881189,0.3545622,0.724645702,0.370083502,2,241975971,F,I,SNED1,Body,island,Body-island,chr2:241975533-241976318,True,,,rs73110161,,0.434079767,0.54,0.9484536082474228,hyper
cg07635623,0.380767812,0.467793041,16.42883398,1.02e-49,2.49e-46,102.0898303,0.121266938,0.50203475,0.380767812,6,2841875,R,I,SERPINB1,5'UTR,island,5'UTR-island,chr6:2841810-2842273,True,,,,,0.433248725,0.31,0.943866943866944,hyper
cg12840719,0.379115813,0.507178445,12.276115,8.13e-31,5.7e-29,58.77835314,0.162155781,0.541271594,0.379115813,9,21968233,R,II,CDKN2A,Body,shore,Body-shore,chr9:21968358-21968728,,True,,,rs72549205,0.431954301,0.18,0.9614604462474644,hyper
cg05644921,0.373854113,0.618464019,14.33286601,7.21e-40,2.4800000000000003e-37,79.50676438,0.27822988,0.652083993,0.373854113,4,141489114,R,II,UCP1,Body,shore,Body-shore,chr4:141489962-141490378,,True,,,,0.431338357,0.4,0.9402061855670104,hyper
cg06274159,0.381355554,0.529581917,11.66106825,2.94e-28,1.39e-26,52.92694652,0.182520927,0.563876482,0.381355554,4,188916867,R,II,ZFP42,TSS200,island,TSS200-island,chr4:188916605-188916876,,,,,,0.431084302,0.27,0.926315789473684,hyper
cg10588135,0.381029724,0.53478899,15.27137615,3.26e-44,2.59e-41,89.46483087,0.188024529,0.569054253,0.381029724,17,59329903,R,II,BCAS3,Body,opensea,Body-opensea,,True,True,,,,0.430929813,0.3,0.9506172839506172,hyper
cg07834955,0.400619607,0.44947921,12.24033781,1.15e-30,7.840000000000001e-29,58.43318055,0.084886546,0.485506153,0.400619607,10,99531879,F,I,SFRP5,TSS200,island,TSS200-island,chr10:99531025-99531968,True,,,,,0.430652495,0.16,0.9240506329113924,hyper
cg18525352,0.37442769,0.625537307,14.84042621,3.3299999999999995e-42,1.8e-39,84.85835239,0.284781172,0.659208862,0.37442769,12,106533867,R,I,NUAK1,TSS200,shore,TSS200-shore,chr12:106532106-106533696,,,,,,0.430646473,0.36,0.9616161616161616,hyper
cg22488256,0.380415353,0.547260828,13.80544888,1.76e-37,3.9e-35,74.03731606,0.201055489,0.581470842,0.380415353,1,66258046,R,II,PDE4B,TSS200,shore,TSS200-shore,chr1:66258440-66258918,,,,,,0.429955349,0.32,0.9440993788819876,hyper
cg23520422,0.388620768,0.58641622,13.98542818,2.72e-38,7.02e-36,75.89279007,0.232743363,0.621364131,0.388620768,12,76423956,F,II,PHLDA1,3'UTR,shore,3'UTR-shore,chr12:76424634-76426316,,,,rs6582328,,0.429394773,0.38,0.9419087136929462,hyper
cg01643123,0.383717394,0.53153972,13.73494263,3.64e-37,7.580000000000001e-35,73.31363042,0.182329286,0.56604668,0.383717394,12,63207179,R,I,PPM1H,Body,opensea,Body-opensea,,True,,,,,0.427052954,0.31,0.9352818371607516,hyper
cg08076018,0.374996153,0.468374151,11.16838883,2.89e-26,1.03e-24,48.37186104,0.127100674,0.502096826,0.374996153,9,129885080,F,II,ANGPTL2,TSS200,opensea,TSS200-opensea,,,,,,,0.426631499,0.12,0.9404517453798767,hyper
cg24530250,0.373224686,0.464980064,11.49677677,1.3800000000000002e-27,5.89e-26,51.39449886,0.125318749,0.498543435,0.373224686,11,71955599,R,I,PHOX2A,TSS1500,island,TSS1500-island,chr11:71954816-71955659,True,,,,,0.426155064,0.11,0.9698189134808854,hyper
cg00744866,0.375395642,0.543952058,11.57609422,6.55e-28,2.9300000000000003e-26,52.13268451,0.202315017,0.577710659,0.375395642,3,33701209,F,II,CLASP2,Body,opensea,Body-opensea,,,True,,,,0.426153061,0.29,0.9194915254237288,hyper
cg22855020,0.370458172,0.612461802,13.66108642,7.780000000000001e-37,1.5299999999999999e-34,72.55751741,0.275318214,0.645776386,0.370458172,8,42356731,F,II,SLC20A2,5'UTR,opensea,5'UTR-opensea,,,True,,,,0.425722752,0.44,0.9240506329113924,hyper
cg05102394,0.380603779,0.548771802,14.15018782,4.8899999999999997e-39,1.45e-36,77.60140405,0.202394981,0.582998761,0.380603779,4,148402899,R,II,EDNRA,Body,shore,Body-shore,chr4:148402198-148402760,,True,,,,0.424158193,0.43,0.8980477223427332,hyper
cg08730348,0.374805877,0.551456851,15.57595977,1.2e-45,1.26e-42,92.75291826,0.210356539,0.585162416,0.374805877,16,31214307,F,II,PYCARD,TSS200,shore,TSS200-shore,chr16:31213566-31214287,True,,,,,0.423581659,0.4,0.9419087136929462,hyper
cg25726664,0.370800239,0.535559751,13.62479966,1.13e-36,2.1399999999999997e-34,72.1867671,0.198104858,0.568905096,0.370800239,7,42277807,F,I,GLI3,TSS1500,island,TSS1500-island,chr7:42276003-42277850,,,,,,0.421996148,0.3,0.9419087136929462,hyper
cg22598028,0.373402288,0.424717498,10.490866,1.2999999999999998e-23,3.26e-22,42.31405117,0.084894552,0.45829684,0.373402288,3,44626492,R,II,ZNF660,5'UTR,island,5'UTR-island,chr3:44626325-44626794,True,,,,,0.421660978,0.09,0.948665297741273,hyper
cg09489281,0.373999209,0.461284721,10.72717358,1.5899999999999999e-24,4.47e-23,44.39878981,0.120918534,0.494917743,0.373999209,5,43604149,R,I,NNT,5'UTR,shore,5'UTR-shore,chr5:43602977-43603650,True,,,,,0.420882956,0.19,0.9148936170212764,hyper
cg00397324,0.390312992,0.437394688,12.47737248,1.14e-31,9.12e-30,60.73071171,0.082181785,0.472494777,0.390312992,21,42798594,F,I,MX1,5'UTR,island,5'UTR-island,chr21:42798146-42798884,True,True,,,,0.420003414,0.22,0.91220556745182,hyper
cg20640433,0.371490234,0.488143714,10.23884337,1.18e-22,2.6500000000000007e-21,40.12503128,0.150060875,0.521551109,0.371490234,6,129204206,R,II,LAMA2,TSS200,opensea,TSS200-opensea,,True,True,,,,0.418918456,0.25,0.8864628820960699,hyper
cg23083315,0.377832241,0.431588919,12.40291151,2.36e-31,1.7900000000000001e-29,60.00628627,0.087734398,0.465566638,0.377832241,11,35639656,R,I,FJX1,TSS200,island,TSS200-island,chr11:35639629-35641485,,,,,,0.416856955,0.2,0.9145299145299146,hyper
cg10740054,0.3773535,0.43000548,11.61224272,4.66e-28,2.13e-26,52.4701368,0.086586647,0.463940147,0.3773535,19,18548004,F,II,ISYNA1,Body,island,Body-island,chr19:18543828-18549161,,,,,,0.41493976,0.1,0.9465020576131686,hyper
cg13804182,0.373157942,0.437508435,12.2508265,1.04e-30,7.15e-29,58.53431391,0.097907862,0.471065804,0.373157942,6,30711796,R,II,FLOT1,TSS1500,island,TSS1500-island,chr6:30710307-30712440,,,,,,0.411114858,0.21,0.9330543933054394,hyper
cg01163842,0.375281479,0.651506794,14.80427844,4.9e-42,2.59e-39,84.47451171,0.309973649,0.685255128,0.375281479,14,95235125,F,I,GSC,Body,island,Body-island,chr14:95234612-95236569,True,True,,,,0.408227422,0.56,0.913684210526316,hyper
cg09235583,0.371606502,0.478473078,12.30237529,6.299999999999999e-31,4.4800000000000004e-29,59.03207502,0.140284426,0.511890928,0.371606502,6,30711141,F,II,IER3,3'UTR,island,3'UTR-island,chr6:30710307-30712440,,,,,,0.401576171,0.27,0.9171974522292994,hyper
cg11863717,0.380653389,0.515054209,12.12755974,3.43e-30,2.17e-28,57.34891655,0.16863224,0.549285629,0.380653389,10,73725041,R,I,CHST3,5'UTR,shore,5'UTR-shore,chr10:73723711-73724770,True,,,,,0.400845118,0.34,0.8937093275488069,hyper
cg00902147,-0.370513689,0.488219332,-12.75534439,7.34e-33,7.160000000000001e-31,63.45635709,0.825413445,0.454899756,-0.370513689,17,76993394,R,I,CANT1,Body,island,Body-island,chr17:76993373-76993619,,,,,,-0.440309979,0.7,0.931106471816284,hypo
